Study,Format,Model,Structure_Type,Factor_Domain,N_Items,N_Participants,Alpha,Omega,Eigenvalue,Variance_Explained,Mean_Loading_Abs,Max_Loading_Abs,Min_Loading_Abs,RMSEA,CFI,TLI,SRMR,Total_Variance_Explained,N_Factors_Total,File_Source
STUDY_2,likert,gpt_4,Original,Extraversion,8,438,0.9178670228716933,0,4.59574638542611,0.5744682981782637,0.7372319132723435,0.9511336236525535,0.5213430163908843,0,0,0,0,0,5,study_2_likert_results_bfi_to_minimarker_gpt_4
STUDY_2,likert,gpt_4,Original,Agreeableness,8,438,0.9118618331536511,0,4.704519686400856,0.588064960800107,0.7482357981081836,0.9379532210864043,0.48181407559648876,0,0,0,0,0,5,study_2_likert_results_bfi_to_minimarker_gpt_4
STUDY_2,likert,gpt_4,Original,Conscientiousness,8,438,0.8640054906399678,0,3.4035713912508876,0.42544642390636095,0.6270472849009384,0.9375930223908941,0.4631017708059282,0,0,0,0,0,5,study_2_likert_results_bfi_to_minimarker_gpt_4
STUDY_2,likert,gpt_4,Original,Neuroticism,7,438,0.8440620717987545,0,3.118082805811907,0.4454404008302725,0.6416393352066228,0.9009258469608813,0.3751733805145618,0,0,0,0,0,5,study_2_likert_results_bfi_to_minimarker_gpt_4
STUDY_2,likert,gpt_4,Original,Openness,8,438,0.8235630965210096,0,2.6482271988154493,0.33102839985193117,0.49871135965426583,0.9716164843951847,0.21406374955226795,0,0,0,0,0,5,study_2_likert_results_bfi_to_minimarker_gpt_4
