Study,Format,Model,Structure_Type,Factor_Domain,N_Items,N_Participants,Alpha,Omega,Eigenvalue,Variance_Explained,Mean_Loading_Abs,Max_Loading_Abs,Min_Loading_Abs,RMSEA,CFI,TLI,SRMR,Total_Variance_Explained,N_Factors_Total,File_Source
STUDY_2,likert,gpt_3.5_turbo,Original,Extraversion,8,438,0.8197225810869395,0,2.9266390698047324,0.36582988372559155,0.5056207971824885,0.9809256318226136,0.1267407759966603,0,0,0,0,0,5,study_2_likert_results_bfi_to_minimarker_openai_gpt_3.5_turbo_0125
STUDY_2,likert,gpt_3.5_turbo,Original,Agreeableness,8,438,0.8342691585198004,0,3.3698921903598222,0.4212365237949778,0.5018256517357409,0.9782886628848446,0.06191505395695498,0,0,0,0,0,5,study_2_likert_results_bfi_to_minimarker_openai_gpt_3.5_turbo_0125
STUDY_2,likert,gpt_3.5_turbo,Original,Conscientiousness,8,438,0.8337610766800161,0,3.115328399657799,0.3894160499572249,0.5617506458008734,0.9079996217237384,0.16386337292118355,0,0,0,0,0,5,study_2_likert_results_bfi_to_minimarker_openai_gpt_3.5_turbo_0125
STUDY_2,likert,gpt_3.5_turbo,Original,Neuroticism,7,438,0.6902365351638817,0,2.5928428046373564,0.37040611494819375,0.5091879511258159,0.8745209052063353,0.023956832116887056,0,0,0,0,0,5,study_2_likert_results_bfi_to_minimarker_openai_gpt_3.5_turbo_0125
STUDY_2,likert,gpt_3.5_turbo,Original,Openness,8,438,0.8432280513003693,0,3.779916956095251,0.4724896195119064,0.611575996392501,0.8693649191467769,0.05350736164276387,0,0,0,0,0,5,study_2_likert_results_bfi_to_minimarker_openai_gpt_3.5_turbo_0125
