Study,Format,Model,Structure_Type,Factor_Domain,N_Items,N_Participants,Alpha,Omega,Eigenvalue,Variance_Explained,Mean_Loading_Abs,Max_Loading_Abs,Min_Loading_Abs,RMSEA,CFI,TLI,SRMR,Total_Variance_Explained,N_Factors_Total,File_Source
STUDY_2,likert,llama_3.3_70b,Original,Extraversion,8,438,0.949413417466948,0,5.5411895093730985,0.6926486886716373,0.8227875469313866,0.9783101563311619,0.6347202442536628,0,0,0,0,0,5,study_2_likert_results_bfi_to_minimarker_llama
STUDY_2,likert,llama_3.3_70b,Original,Agreeableness,8,438,0.9530055868322372,0,5.745693501171569,0.7182116876464462,0.843351260448886,0.9569348811294143,0.681781636591629,0,0,0,0,0,5,study_2_likert_results_bfi_to_minimarker_llama
STUDY_2,likert,llama_3.3_70b,Original,Conscientiousness,8,438,0.9289191323830456,0,5.224198301193273,0.6530247876491592,0.8018241553053833,0.9023047402253956,0.6160558802480715,0,0,0,0,0,5,study_2_likert_results_bfi_to_minimarker_llama
STUDY_2,likert,llama_3.3_70b,Original,Neuroticism,7,438,0.910198009466197,0,4.454678625375045,0.6363826607678637,0.7863539952602956,0.9871391473302499,0.535314338091756,0,0,0,0,0,5,study_2_likert_results_bfi_to_minimarker_llama
STUDY_2,likert,llama_3.3_70b,Original,Openness,8,438,0.9413697956090401,0,5.38336866514854,0.6729210831435675,0.8173593851620577,0.9470188325942374,0.7194382998532043,0,0,0,0,0,5,study_2_likert_results_bfi_to_minimarker_llama
