format,mean,std,count
binary_expanded,0.5244670153205785,0.051033828963005734,5
binary_simple,0.5145796294869818,0.06037594524646563,5
expanded,0.8714680744747846,0.045680477437278814,8
likert,0.8586478940137175,0.0669989691362599,7
