format,mean,std,count
expanded,0.7657123246623259,,1
likert,0.7137961451368581,,1
