format,mean,std,count
expanded,0.06693830810148058,,1
likert,0.7455873529541666,,1
