model,format,n_participants,avg_correlation,E_correlation,E_p_value,A_correlation,A_p_value,C_correlation,C_p_value,N_correlation,N_p_value,O_correlation,O_p_value
openai_gpt_3.5_turbo_0125,likert,200,0.7455873529541666,0.886561576211464,3.2918997670169486e-68,0.7007853732405106,7.275333066009794e-31,0.8535381920490426,5.7530447370328596e-58,0.6695533095653524,2.2548058786384358e-27,0.6174983137044636,2.066378286272059e-22
