model,format,n_participants,avg_correlation,E_correlation,E_p_value,A_correlation,A_p_value,C_correlation,C_p_value,N_correlation,N_p_value,O_correlation,O_p_value
openai_gpt_3.5_turbo_0125,likert,200,0.7137961451368581,0.8643117788415331,5.2319667571077975e-61,0.6349853819760958,5.6718811590709765e-24,0.8500947508580765,4.7954865717287664e-57,0.7073518318407144,1.1735347182853086e-31,0.5122369821678703,8.96863363259096e-15
openai_gpt_3.5_turbo_0125,expanded,200,0.7657123246623259,0.8690844838072849,1.9350039199379237e-62,0.6909386884798807,1.0241220822372217e-29,0.7126675755649283,2.5811090457730526e-32,0.7222615256632647,1.5352353319462058e-33,0.8336093497962709,6.1700105956880675e-53
