Study,Format,Model,Structure_Type,Factor_Domain,N_Items,N_Participants,Alpha,Omega,Eigenvalue,Variance_Explained,Mean_Loading_Abs,Max_Loading_Abs,Min_Loading_Abs,RMSEA,CFI,TLI,SRMR,Total_Variance_Explained,N_Factors_Total,File_Source
STUDY_2,expanded,deepseek_v3,Original,Extraversion,8,438,0.9587782193831217,0,6.009546083975357,0.7511932604969196,0.861889893242036,0.9655209149393099,0.684695065014795,0,0,0,0,0,5,study_2_expanded_results_bfi_to_minimarker_deepseek_temp1_0
STUDY_2,expanded,deepseek_v3,Original,Agreeableness,8,438,0.9209538288555943,0,5.139474757071251,0.6424343446339064,0.7958155333148031,0.9120623983702691,0.596430316165798,0,0,0,0,0,5,study_2_expanded_results_bfi_to_minimarker_deepseek_temp1_0
STUDY_2,expanded,deepseek_v3,Original,Conscientiousness,8,438,0.9105163345436699,0,4.715762812310807,0.5894703515388509,0.749257298162273,0.9617807311319065,0.5122131504027873,0,0,0,0,0,5,study_2_expanded_results_bfi_to_minimarker_deepseek_temp1_0
STUDY_2,expanded,deepseek_v3,Original,Neuroticism,8,438,0.8962100354000457,0,4.156166928700287,0.5195208660875359,0.6856004798166607,0.986136149815154,0.446977751304563,0,0,0,0,0,5,study_2_expanded_results_bfi_to_minimarker_deepseek_temp1_0
STUDY_2,expanded,deepseek_v3,Original,Openness,8,438,0.887296138993294,0,3.7139348839349324,0.46424186049186655,0.6118598431278786,0.997017940444531,0.2844321180232092,0,0,0,0,0,5,study_2_expanded_results_bfi_to_minimarker_deepseek_temp1_0
