Study,Format,Model,Structure_Type,Factor_Domain,N_Items,N_Participants,Alpha,Omega,Eigenvalue,Variance_Explained,Mean_Loading_Abs,Max_Loading_Abs,Min_Loading_Abs,RMSEA,CFI,TLI,SRMR,Total_Variance_Explained,N_Factors_Total,File_Source
STUDY_2,expanded,gpt_3.5_turbo,Original,Extraversion,8,438,0.9564805505251093,0,5.640909464419137,0.7051136830523921,0.8321803938918713,0.980064933138939,0.6817966586369298,0,0,0,0,0,5,study_2_expanded_results_bfi_to_minimarker_openai_gpt_3.5_turbo_0125_temp1_0
STUDY_2,expanded,gpt_3.5_turbo,Original,Agreeableness,8,438,0.9037126341051539,0,4.236836457292087,0.5296045571615109,0.6850536003172578,0.9565142864277303,0.324782411391968,0,0,0,0,0,5,study_2_expanded_results_bfi_to_minimarker_openai_gpt_3.5_turbo_0125_temp1_0
STUDY_2,expanded,gpt_3.5_turbo,Original,Conscientiousness,8,438,0.9216932532055244,0,4.79552203167521,0.5994402539594013,0.7692092003667229,0.860637008443626,0.5701224720821133,0,0,0,0,0,5,study_2_expanded_results_bfi_to_minimarker_openai_gpt_3.5_turbo_0125_temp1_0
STUDY_2,expanded,gpt_3.5_turbo,Original,Neuroticism,8,438,0.828133574740833,0,3.3647223843104745,0.4205902980388093,0.5711823758928247,0.9454187762413364,0.09298758610307159,0,0,0,0,0,5,study_2_expanded_results_bfi_to_minimarker_openai_gpt_3.5_turbo_0125_temp1_0
STUDY_2,expanded,gpt_3.5_turbo,Original,Openness,8,438,0.8543803303172643,0,3.340300226040444,0.4175375282550555,0.6017444783470884,0.9592239727082706,0.3054896905643488,0,0,0,0,0,5,study_2_expanded_results_bfi_to_minimarker_openai_gpt_3.5_turbo_0125_temp1_0
