Study,Format,Model,Structure_Type,Factor_Domain,N_Items,N_Participants,Alpha,Omega,Eigenvalue,Variance_Explained,Mean_Loading_Abs,Max_Loading_Abs,Min_Loading_Abs,RMSEA,CFI,TLI,SRMR,Total_Variance_Explained,N_Factors_Total,File_Source
STUDY_2,expanded,gpt_4o,Original,Extraversion,8,438,0.9604677944185995,0,6.039034624536258,0.7548793280670323,0.8629639822793282,0.9678447181307203,0.6843706937704455,0,0,0,0,0,5,study_2_expanded_results_bfi_to_minimarker_gpt_4o_temp1_0
STUDY_2,expanded,gpt_4o,Original,Agreeableness,8,438,0.9424684260603099,0,5.569065606262415,0.6961332007828018,0.8288548426336957,0.925433762806768,0.6562149150597734,0,0,0,0,0,5,study_2_expanded_results_bfi_to_minimarker_gpt_4o_temp1_0
STUDY_2,expanded,gpt_4o,Original,Conscientiousness,8,438,0.9248549311538831,0,5.014514498822936,0.626814312352867,0.7799723606348444,0.9353588777859462,0.5654247752308279,0,0,0,0,0,5,study_2_expanded_results_bfi_to_minimarker_gpt_4o_temp1_0
STUDY_2,expanded,gpt_4o,Original,Neuroticism,8,438,0.9278499629253142,0,5.000915116023792,0.625114389502974,0.7791158105941325,0.9418970959736472,0.6148482184881291,0,0,0,0,0,5,study_2_expanded_results_bfi_to_minimarker_gpt_4o_temp1_0
STUDY_2,expanded,gpt_4o,Original,Openness,8,438,0.8939447936643725,0,3.8227612514073814,0.4778451564259227,0.6367357566702266,0.9866900238729182,0.3377757343009891,0,0,0,0,0,5,study_2_expanded_results_bfi_to_minimarker_gpt_4o_temp1_0
