Study,Format,Model,Structure_Type,Factor_Domain,N_Items,N_Participants,Alpha,Omega,Eigenvalue,Variance_Explained,Mean_Loading_Abs,Max_Loading_Abs,Min_Loading_Abs,RMSEA,CFI,TLI,SRMR,Total_Variance_Explained,N_Factors_Total,File_Source
STUDY_2,expanded,gpt_4,Original,Extraversion,8,438,0.9323389105420045,0,4.957468093365331,0.6196835116706664,0.771339018976442,0.9628828527539308,0.5547079559179323,0,0,0,0,0,5,study_2_expanded_results_bfi_to_minimarker_gpt_4_temp1_0
STUDY_2,expanded,gpt_4,Original,Agreeableness,8,438,0.908037748473998,0,4.649405640785364,0.5811757050981705,0.7576345476340929,0.8618516314882632,0.5941497857857077,0,0,0,0,0,5,study_2_expanded_results_bfi_to_minimarker_gpt_4_temp1_0
STUDY_2,expanded,gpt_4,Original,Conscientiousness,8,438,0.8773269617125204,0,4.0307526074269715,0.5038440759283714,0.6894554337522825,0.9198625006292388,0.34766126728522934,0,0,0,0,0,5,study_2_expanded_results_bfi_to_minimarker_gpt_4_temp1_0
STUDY_2,expanded,gpt_4,Original,Neuroticism,8,438,0.8353929685782184,0,3.3070817106012815,0.4133852138251602,0.6237991177037956,0.8830695932501924,0.4227766011478874,0,0,0,0,0,5,study_2_expanded_results_bfi_to_minimarker_gpt_4_temp1_0
STUDY_2,expanded,gpt_4,Original,Openness,8,438,0.8691661916055261,0,3.3952107444879833,0.4244013430609979,0.5769034679105505,0.9943045757106633,0.2567443543921413,0,0,0,0,0,5,study_2_expanded_results_bfi_to_minimarker_gpt_4_temp1_0
