Study,Format,Model,Structure_Type,Factor_Domain,N_Items,N_Participants,Alpha,Omega,Eigenvalue,Variance_Explained,Mean_Loading_Abs,Max_Loading_Abs,Min_Loading_Abs,RMSEA,CFI,TLI,SRMR,Total_Variance_Explained,N_Factors_Total,File_Source
STUDY_2,expanded,llama_3.3_70b,Original,Extraversion,8,438,0.9652587355687029,0,6.27315500333227,0.7841443754165337,0.8799165483273741,0.9889108540388543,0.6959975505846226,0,0,0,0,0,5,study_2_expanded_results_bfi_to_minimarker_llama_temp1_0
STUDY_2,expanded,llama_3.3_70b,Original,Agreeableness,8,438,0.940651208815932,0,5.562009998576768,0.695251249822096,0.8284547650124438,0.9367188899595691,0.618969365803683,0,0,0,0,0,5,study_2_expanded_results_bfi_to_minimarker_llama_temp1_0
STUDY_2,expanded,llama_3.3_70b,Original,Conscientiousness,8,438,0.9366418158118787,0,5.476927369654993,0.6846159212068741,0.8165268039276288,0.9652258232294417,0.5747729505094433,0,0,0,0,0,5,study_2_expanded_results_bfi_to_minimarker_llama_temp1_0
STUDY_2,expanded,llama_3.3_70b,Original,Neuroticism,8,438,0.8903891117673918,0,4.529187468252553,0.5661484335315691,0.739454971455985,0.9961429670052272,0.5801867228897593,0,0,0,0,0,5,study_2_expanded_results_bfi_to_minimarker_llama_temp1_0
STUDY_2,expanded,llama_3.3_70b,Original,Openness,8,438,0.8990775147605626,0,4.023644700734279,0.5029555875917848,0.6712027834629959,0.991070327048199,0.418943043764748,0,0,0,0,0,5,study_2_expanded_results_bfi_to_minimarker_llama_temp1_0
