Study,Format,Model,Structure_Type,Factor_Domain,N_Items,N_Participants,Alpha,Omega,Eigenvalue,Variance_Explained,Mean_Loading_Abs,Max_Loading_Abs,Min_Loading_Abs,RMSEA,CFI,TLI,SRMR,Total_Variance_Explained,N_Factors_Total,File_Source
STUDY_3,expanded,deepseek_v3,Original,Extraversion,8,200,0.9512714494083988,0,5.756407671484897,0.7195509589356122,0.8406218132404176,0.957205751029826,0.5693348017586709,0,0,0,0,0,5,study_3_expanded_results_bfi_to_minimarker_deepseek_temp1
STUDY_3,expanded,deepseek_v3,Original,Agreeableness,8,200,0.9286626090308026,0,5.249930391721292,0.6562412989651615,0.7965018234365336,0.9476525653746283,0.47912404831022964,0,0,0,0,0,5,study_3_expanded_results_bfi_to_minimarker_deepseek_temp1
STUDY_3,expanded,deepseek_v3,Original,Conscientiousness,8,200,0.9017403892131238,0,4.486545249929701,0.5608181562412127,0.7260276239918738,0.9589985361172993,0.4619672942832757,0,0,0,0,0,5,study_3_expanded_results_bfi_to_minimarker_deepseek_temp1
STUDY_3,expanded,deepseek_v3,Original,Neuroticism,8,200,0.8492194810875682,0,3.612732419704735,0.45159155246309185,0.6416082749303762,0.9815714744219595,0.41301353637663457,0,0,0,0,0,5,study_3_expanded_results_bfi_to_minimarker_deepseek_temp1
STUDY_3,expanded,deepseek_v3,Original,Openness,8,200,0.8943318612868093,0,3.994826644053075,0.4993533305066344,0.6404894429492601,0.9987774631812233,0.26396792681798315,0,0,0,0,0,5,study_3_expanded_results_bfi_to_minimarker_deepseek_temp1
