Study,Format,Model,Structure_Type,Factor_Domain,N_Items,N_Participants,Alpha,Omega,Eigenvalue,Variance_Explained,Mean_Loading_Abs,Max_Loading_Abs,Min_Loading_Abs,RMSEA,CFI,TLI,SRMR,Total_Variance_Explained,N_Factors_Total,File_Source
STUDY_3,expanded,gpt_4o,Original,Extraversion,8,200,0.9559344224339508,0,5.889313927498791,0.7361642409373489,0.8507011303358231,0.9708476121678685,0.6072143018921375,0,0,0,0,0,5,study_3_expanded_results_bfi_to_minimarker_gpt_4o_temp1
STUDY_3,expanded,gpt_4o,Original,Agreeableness,8,200,0.9413006218480033,0,5.56158170250768,0.69519771281346,0.8243812332464188,0.9465672925946459,0.5638145809374603,0,0,0,0,0,5,study_3_expanded_results_bfi_to_minimarker_gpt_4o_temp1
STUDY_3,expanded,gpt_4o,Original,Conscientiousness,8,200,0.9263157400993526,0,5.008865926888241,0.6261082408610301,0.7746763639624841,0.9491186807438325,0.5173203095519687,0,0,0,0,0,5,study_3_expanded_results_bfi_to_minimarker_gpt_4o_temp1
STUDY_3,expanded,gpt_4o,Original,Neuroticism,8,200,0.9017321997417356,0,4.515367797370229,0.5644209746712786,0.7422183175856185,0.9543358562698695,0.6320449785804025,0,0,0,0,0,5,study_3_expanded_results_bfi_to_minimarker_gpt_4o_temp1
STUDY_3,expanded,gpt_4o,Original,Openness,8,200,0.8937953072191686,0,4.110348553690982,0.5137935692113728,0.657949129475173,0.9891687302327618,0.23338330212790193,0,0,0,0,0,5,study_3_expanded_results_bfi_to_minimarker_gpt_4o_temp1
