Study,Format,Model,Structure_Type,Factor_Domain,N_Items,N_Participants,Alpha,Omega,Eigenvalue,Variance_Explained,Mean_Loading_Abs,Max_Loading_Abs,Min_Loading_Abs,RMSEA,CFI,TLI,SRMR,Total_Variance_Explained,N_Factors_Total,File_Source
STUDY_3,expanded,gpt_3.5_turbo,Original,Extraversion,8,200,0.964385846209011,0,6.036208176452979,0.7545260220566223,0.8639783882784493,0.98448281131272,0.7497440331349099,0,0,0,0,0,5,study_3_expanded_results_bfi_to_minimarker_openai_gpt_3.5_turbo_0125_temp1
STUDY_3,expanded,gpt_3.5_turbo,Original,Agreeableness,8,200,0.8406235029664297,0,3.463099293601416,0.432887411700177,0.5615914434884485,0.9472068636015926,0.08741671920496796,0,0,0,0,0,5,study_3_expanded_results_bfi_to_minimarker_openai_gpt_3.5_turbo_0125_temp1
STUDY_3,expanded,gpt_3.5_turbo,Original,Conscientiousness,8,200,0.8912936480955764,0,4.09059545465229,0.5113244318315362,0.6962921389100667,0.8943624553763204,0.3574924213812826,0,0,0,0,0,5,study_3_expanded_results_bfi_to_minimarker_openai_gpt_3.5_turbo_0125_temp1
STUDY_3,expanded,gpt_3.5_turbo,Original,Neuroticism,8,200,0.7372664811309091,0,2.8031778341548557,0.35039722926935696,0.46811186398781435,0.9498317836370761,0.010830680364234591,0,0,0,0,0,5,study_3_expanded_results_bfi_to_minimarker_openai_gpt_3.5_turbo_0125_temp1
STUDY_3,expanded,gpt_3.5_turbo,Original,Openness,8,200,0.8680514820794107,0,3.7799776139195136,0.4724972017399392,0.6270173529210963,0.9597654226700681,0.158201385972819,0,0,0,0,0,5,study_3_expanded_results_bfi_to_minimarker_openai_gpt_3.5_turbo_0125_temp1
