Study,Format,Model,Structure_Type,Factor_Domain,N_Items,N_Participants,Alpha,Omega,Eigenvalue,Variance_Explained,Mean_Loading_Abs,Max_Loading_Abs,Min_Loading_Abs,RMSEA,CFI,TLI,SRMR,Total_Variance_Explained,N_Factors_Total,File_Source
STUDY_3,expanded,gpt_4,Original,Extraversion,8,200,0.9387973679069114,0,5.325993369323003,0.6657491711653754,0.8053633241634768,0.961861216053793,0.516809972521811,0,0,0,0,0,5,study_3_expanded_results_bfi_to_minimarker_gpt_4_temp1
STUDY_3,expanded,gpt_4,Original,Agreeableness,8,200,0.9051682858018967,0,4.660735591985967,0.5825919489982458,0.7432682801979469,0.922105530697946,0.4412839137766963,0,0,0,0,0,5,study_3_expanded_results_bfi_to_minimarker_gpt_4_temp1
STUDY_3,expanded,gpt_4,Original,Conscientiousness,8,200,0.8614408044622518,0,3.9689311202476776,0.4961163900309597,0.6676099152555461,0.9234142744967215,0.1832411833150115,0,0,0,0,0,5,study_3_expanded_results_bfi_to_minimarker_gpt_4_temp1
STUDY_3,expanded,gpt_4,Original,Neuroticism,8,200,0.7924286427299203,0,2.7787554274668813,0.34734442843336016,0.5580526857928647,0.8447387141073892,0.3007729469352581,0,0,0,0,0,5,study_3_expanded_results_bfi_to_minimarker_gpt_4_temp1
STUDY_3,expanded,gpt_4,Original,Openness,8,200,0.8551635236211311,0,3.5704352396613745,0.4463044049576718,0.5816184981759913,0.9908015451480594,0.18515517199939205,0,0,0,0,0,5,study_3_expanded_results_bfi_to_minimarker_gpt_4_temp1
