Study,Format,Model,Structure_Type,Factor_Domain,N_Items,N_Participants,Alpha,Omega,Eigenvalue,Variance_Explained,Mean_Loading_Abs,Max_Loading_Abs,Min_Loading_Abs,RMSEA,CFI,TLI,SRMR,Total_Variance_Explained,N_Factors_Total,File_Source
STUDY_3,expanded,llama_3.3_70b,Original,Extraversion,8,200,0.949453921913087,0,5.682323104943395,0.7102903881179243,0.8346138658971416,0.9906447056018781,0.5808748554760496,0,0,0,0,0,5,study_3_expanded_results_bfi_to_minimarker_llama_temp1
STUDY_3,expanded,llama_3.3_70b,Original,Agreeableness,8,200,0.9371947325820045,0,5.496036760963723,0.6870045951204654,0.8138596575287131,0.9645572918905585,0.46714649144845866,0,0,0,0,0,5,study_3_expanded_results_bfi_to_minimarker_llama_temp1
STUDY_3,expanded,llama_3.3_70b,Original,Conscientiousness,8,200,0.9297072181834537,0,5.213989056230188,0.6517486320287735,0.7915431691305173,0.9684579220859626,0.5270589222563048,0,0,0,0,0,5,study_3_expanded_results_bfi_to_minimarker_llama_temp1
STUDY_3,expanded,llama_3.3_70b,Original,Neuroticism,8,200,0.8347356096374792,0,3.641852162594546,0.45523152032431824,0.6447311821198948,0.9972195359144946,0.4201512573896647,0,0,0,0,0,5,study_3_expanded_results_bfi_to_minimarker_llama_temp1
STUDY_3,expanded,llama_3.3_70b,Original,Openness,8,200,0.902625454281439,0,4.349322712844405,0.5436653391055506,0.6965935582790316,0.9960180543857683,0.3663908223987722,0,0,0,0,0,5,study_3_expanded_results_bfi_to_minimarker_llama_temp1
