Study,Format,Model,Structure_Type,Factor_Domain,N_Items,N_Participants,Alpha,Omega,Eigenvalue,Variance_Explained,Mean_Loading_Abs,Max_Loading_Abs,Min_Loading_Abs,RMSEA,CFI,TLI,SRMR,Total_Variance_Explained,N_Factors_Total,File_Source
STUDY_3,likert,deepseek_v3,Original,Extraversion,8,200,0.926709337845702,0,4.995232603117911,0.6244040753897389,0.7689650144533586,0.9634447285836547,0.4313128640154738,0,0,0,0,0,5,study_3_likert_results_bfi_to_minimarker_deepseek_temp1
STUDY_3,likert,deepseek_v3,Original,Agreeableness,8,200,0.9190639482704823,0,4.776056747952711,0.5970070934940889,0.7540226797997773,0.937972826691005,0.45716750099730324,0,0,0,0,0,5,study_3_likert_results_bfi_to_minimarker_deepseek_temp1
STUDY_3,likert,deepseek_v3,Original,Conscientiousness,8,200,0.8953313115758961,0,4.218518640935802,0.5273148301169752,0.7104741787165898,0.9289970116043031,0.5095071478886528,0,0,0,0,0,5,study_3_likert_results_bfi_to_minimarker_deepseek_temp1
STUDY_3,likert,deepseek_v3,Original,Neuroticism,7,200,0.8009700167459773,0,2.932779846980072,0.4189685495685817,0.6150348074721477,0.9644681280157217,0.35041451085839026,0,0,0,0,0,5,study_3_likert_results_bfi_to_minimarker_deepseek_temp1
STUDY_3,likert,deepseek_v3,Original,Openness,8,200,0.8692220553132219,0,3.6813192786246716,0.46016490982808395,0.632458997447363,0.9897318202901298,0.26866518865480443,0,0,0,0,0,5,study_3_likert_results_bfi_to_minimarker_deepseek_temp1
