Study,Format,Model,Structure_Type,Factor_Domain,N_Items,N_Participants,Alpha,Omega,Eigenvalue,Variance_Explained,Mean_Loading_Abs,Max_Loading_Abs,Min_Loading_Abs,RMSEA,CFI,TLI,SRMR,Total_Variance_Explained,N_Factors_Total,File_Source
STUDY_3,likert,gpt_3.5_turbo,Original,Extraversion,8,200,0.820273891148064,0,3.2252583775825667,0.40315729719782084,0.5436955503062229,0.9768839000553703,0.001492732500900437,0,0,0,0,0,5,study_3_likert_results_bfi_to_minimarker_openai_gpt_3.5_turbo_0125_temp1
STUDY_3,likert,gpt_3.5_turbo,Original,Agreeableness,8,200,0.819569172976463,0,3.3858382847030692,0.42322978558788366,0.4846064325995054,0.9793027902112806,0.009729226508241293,0,0,0,0,0,5,study_3_likert_results_bfi_to_minimarker_openai_gpt_3.5_turbo_0125_temp1
STUDY_3,likert,gpt_3.5_turbo,Original,Conscientiousness,8,200,0.8383342319555341,0,3.1938810915706624,0.3992351364463328,0.5769856058068532,0.868266955956346,0.139213490110965,0,0,0,0,0,5,study_3_likert_results_bfi_to_minimarker_openai_gpt_3.5_turbo_0125_temp1
STUDY_3,likert,gpt_3.5_turbo,Original,Neuroticism,7,200,0.5832746781853265,0,2.4524587384517464,0.3503512483502495,0.48793226547423874,0.9424817267154545,0.014073076934131365,0,0,0,0,0,5,study_3_likert_results_bfi_to_minimarker_openai_gpt_3.5_turbo_0125_temp1
STUDY_3,likert,gpt_3.5_turbo,Original,Openness,8,200,0.8699379105726743,0,4.1374520197201825,0.5171815024650228,0.6253591418496807,0.9530184372823103,0.022320799809992405,0,0,0,0,0,5,study_3_likert_results_bfi_to_minimarker_openai_gpt_3.5_turbo_0125_temp1
