Study,Format,Model,Structure_Type,Factor_Domain,N_Items,N_Participants,Alpha,Omega,Eigenvalue,Variance_Explained,Mean_Loading_Abs,Max_Loading_Abs,Min_Loading_Abs,RMSEA,CFI,TLI,SRMR,Total_Variance_Explained,N_Factors_Total,File_Source
STUDY_3,likert,llama_3.3_70b,Original,Extraversion,8,200,0.9465570015562367,0,5.487759724797808,0.685969965599726,0.813664864265571,0.9875257415751038,0.5170934939625196,0,0,0,0,0,5,study_3_likert_results_bfi_to_minimarker_llama_temp1_0
STUDY_3,likert,llama_3.3_70b,Original,Agreeableness,8,200,0.9599601295312297,0,5.9688528942951455,0.7461066117868932,0.8594075797468534,0.9637319754027877,0.6850734240273295,0,0,0,0,0,5,study_3_likert_results_bfi_to_minimarker_llama_temp1_0
STUDY_3,likert,llama_3.3_70b,Original,Conscientiousness,8,200,0.9383135277903999,0,5.4965855496688665,0.6870731937086083,0.8241506920422035,0.9041024070647912,0.6534314537929569,0,0,0,0,0,5,study_3_likert_results_bfi_to_minimarker_llama_temp1_0
STUDY_3,likert,llama_3.3_70b,Original,Neuroticism,7,200,0.8823527952162364,0,4.014666973031936,0.5735238532902766,0.7406100672388952,0.9868866744950112,0.47403578946279434,0,0,0,0,0,5,study_3_likert_results_bfi_to_minimarker_llama_temp1_0
STUDY_3,likert,llama_3.3_70b,Original,Openness,8,200,0.9421019793818126,0,5.353707716314612,0.6692134645393265,0.8038282204469356,0.9757478044162632,0.5431512563658347,0,0,0,0,0,5,study_3_likert_results_bfi_to_minimarker_llama_temp1_0
