Domain,Correlation,P_Value
Extraversion,0.8111070892313393,5.4500018527054245e-08
Agreeableness,0.704377767759917,1.3971055356781522e-05
Conscientiousness,0.8842346705274944,9.245930046200391e-11
Neuroticism,0.6899389089686663,2.4624644165854565e-05
Openness,0.7459061173379876,2.2341268324164817e-06
AVERAGE,0.7671129107650809,
