,deepseek_temp1.0,deepseek_temp0.0
deepseek_temp1.0,1.0,0.8914764848148377
deepseek_temp0.0,0.8914764848148377,1.0
