model,significant_associations,total_tests,significance_rate,avg_r2_significant,avg_coefficient_magnitude,consistency_score,overall_score
openai-gpt-3.5-turbo-0125,2,10,0.2,0.01772407244045145,0.08126426932271413,0.914407279516665,0.359639405587135
llama,1,10,0.1,0.018454149287473,0.02368257832163089,0.9665269500148111,0.3354943297906852
deepseek,1,10,0.1,0.0164208643564995,0.02452554034647372,0.9681002924984377,0.33535634705648115
gpt-4,1,10,0.1,0.017725686458381,0.049137174800344685,0.94166080593969,0.32781594771942135
gpt-4o,0,10,0.0,0.0,0.04484556926962195,0.9439162970957822,0.2831748891287346
