model,significant_associations,total_tests,significance_rate,avg_r2_significant,avg_coefficient_magnitude,consistency_score,overall_score
openai-gpt-3.5-turbo-0125,1,10,0.1,0.0180259220937566,0.07374636555420633,0.9170551122185855,0.32052431029370265
llama,0,10,0.0,0.0,0.02630482814372014,0.9720959209593591,0.29162877628780776
deepseek,0,10,0.0,0.0,0.018538895874642268,0.97107677463981,0.291323032391943
gpt-4o,0,10,0.0,0.0,0.035193254841876145,0.9584099128108469,0.28752297384325404
gpt-4,0,10,0.0,0.0,0.046837522511337104,0.9503347983565044,0.2851004395069513
