model,significant_associations,total_tests,significance_rate,avg_r2_significant,avg_coefficient_magnitude,consistency_score,overall_score
gpt-4o,27,40,0.675,0.11369501291405876,0.21943040513031095,0.7860258852293739,0.5399162694430297
gpt-4,24,40,0.6,0.09313350998448544,0.1835424842864955,0.8071255217559988,0.5100777095221453
llama,22,40,0.55,0.1031334696830613,0.18204026641571475,0.8083566787709178,0.4934470445361937
deepseek,20,40,0.5,0.09761445459946597,0.16797229799221927,0.8163713395444467,0.47419573824317385
