Study,Format,Model,Structure_Type,Factor_Domain,N_Items,N_Participants,Alpha,Omega,Eigenvalue,Variance_Explained,Mean_Loading_Abs,Max_Loading_Abs,Min_Loading_Abs,RMSEA,CFI,TLI,SRMR,Total_Variance_Explained,N_Factors_Total,File_Source
STUDY_3,likert,gpt_4,Original,Extraversion,8,200,0.9093646817749602,0,4.464313734952445,0.5580392168690557,0.7204429191786783,0.9648694929930169,0.38228490506760165,0,0,0,0,0,5,study_3_likert_results_bfi_to_minimarker_gpt_4_temp1
STUDY_3,likert,gpt_4,Original,Agreeableness,8,200,0.9141746820246628,0,4.646814999246742,0.5808518749058428,0.7549938700170093,0.886056606109174,0.5705133676815677,0,0,0,0,0,5,study_3_likert_results_bfi_to_minimarker_gpt_4_temp1
STUDY_3,likert,gpt_4,Original,Conscientiousness,8,200,0.8863900968811858,0,3.9380536608540035,0.49225670760675044,0.6890066158936213,0.9111961472336512,0.5218950124845342,0,0,0,0,0,5,study_3_likert_results_bfi_to_minimarker_gpt_4_temp1
STUDY_3,likert,gpt_4,Original,Neuroticism,8,200,0.8098771206404997,0,2.885473508115372,0.3606841885144215,0.5715667891660596,0.8909508156406689,0.35744946629273855,0,0,0,0,0,5,study_3_likert_results_bfi_to_minimarker_gpt_4_temp1
STUDY_3,likert,gpt_4,Original,Openness,8,200,0.7808914468732344,0,2.6036193905054787,0.32545242381318484,0.4739186055256943,0.977452046420991,0.1083593454221785,0,0,0,0,0,5,study_3_likert_results_bfi_to_minimarker_gpt_4_temp1
