Study,Format,Model,Structure_Type,Factor_Domain,N_Items,N_Participants,Alpha,Omega,Eigenvalue,Variance_Explained,Mean_Loading_Abs,Max_Loading_Abs,Min_Loading_Abs,RMSEA,CFI,TLI,SRMR,Total_Variance_Explained,N_Factors_Total,File_Source
STUDY_3,likert,gpt_4o,Original,Extraversion,8,200,0.9439233120602507,0,5.51435077759311,0.6892938471991388,0.8172120312950024,0.9534466997851522,0.5202113884249973,0,0,0,0,0,5,study_3_likert_results_bfi_to_minimarker_gpt_4o_temp1
STUDY_3,likert,gpt_4o,Original,Agreeableness,8,200,0.9467711143829294,0,5.563535391188393,0.6954419238985491,0.8270239873244944,0.9291361246140096,0.6035935716113796,0,0,0,0,0,5,study_3_likert_results_bfi_to_minimarker_gpt_4o_temp1
STUDY_3,likert,gpt_4o,Original,Conscientiousness,8,200,0.926111589548991,0,5.009044011130021,0.6261305013912526,0.7816895210273423,0.9276168531911038,0.5832094159680746,0,0,0,0,0,5,study_3_likert_results_bfi_to_minimarker_gpt_4o_temp1
STUDY_3,likert,gpt_4o,Original,Neuroticism,8,200,0.8609166023548737,0,3.615405439520087,0.45192567994001087,0.6368993089790828,0.9708707445885572,0.4162268864873419,0,0,0,0,0,5,study_3_likert_results_bfi_to_minimarker_gpt_4o_temp1
STUDY_3,likert,gpt_4o,Original,Openness,8,200,0.9034238606860817,0,4.427895414292333,0.5534869267865417,0.7124700262257566,0.9691090115201524,0.3951062118518602,0,0,0,0,0,5,study_3_likert_results_bfi_to_minimarker_gpt_4o_temp1
