Study,Format,Model,Structure_Type,Factor_Domain,N_Items,N_Participants,Alpha,Omega,Eigenvalue,Variance_Explained,Mean_Loading_Abs,Max_Loading_Abs,Min_Loading_Abs,RMSEA,CFI,TLI,SRMR,Total_Variance_Explained,N_Factors_Total,File_Source
STUDY_3,likert,llama_3.3_70b,Original,Extraversion,8,200,0.9464109196607784,0,5.488043485693341,0.6860054357116676,0.8133499643288007,0.9880225883894489,0.5072838697170112,0,0,0,0,0,5,study_3_likert_results_bfi_to_minimarker_llama_temp1
STUDY_3,likert,llama_3.3_70b,Original,Agreeableness,8,200,0.9587319170558306,0,5.892017753432833,0.7365022191791041,0.8535291154087781,0.9627163572784304,0.6803335790478388,0,0,0,0,0,5,study_3_likert_results_bfi_to_minimarker_llama_temp1
STUDY_3,likert,llama_3.3_70b,Original,Conscientiousness,8,200,0.9375100715811109,0,5.4594238215072455,0.6824279776884057,0.8211174483217665,0.9069868172795041,0.6514892854647202,0,0,0,0,0,5,study_3_likert_results_bfi_to_minimarker_llama_temp1
STUDY_3,likert,llama_3.3_70b,Original,Neuroticism,8,200,0.8850608911133208,0,4.399111809978863,0.5498889762473579,0.7257666459252656,0.9891925153593637,0.45792939269188515,0,0,0,0,0,5,study_3_likert_results_bfi_to_minimarker_llama_temp1
STUDY_3,likert,llama_3.3_70b,Original,Openness,8,200,0.9402167518837504,0,5.311172340568382,0.6638965425710478,0.8001453879153425,0.9750542644527709,0.5345988756241968,0,0,0,0,0,5,study_3_likert_results_bfi_to_minimarker_llama_temp1
