Study,Format,Model,Structure_Type,Factor_Domain,N_Items,N_Participants,Alpha,Omega,Eigenvalue,Variance_Explained,Mean_Loading_Abs,Max_Loading_Abs,Min_Loading_Abs,RMSEA,CFI,TLI,SRMR,Total_Variance_Explained,N_Factors_Total,File_Source
STUDY_2,likert,deepseek_v3,Original,Extraversion,8,438,0.937795337246107,0,5.092111767594934,0.6365139709493668,0.7811027963033704,0.9813159202975839,0.5686880180366896,0,0,0,0,0,5,study_2_likert_results_bfi_to_minimarker_deepseek
STUDY_2,likert,deepseek_v3,Original,Agreeableness,8,438,0.9259699335249726,0,5.133814367154551,0.6417267958943189,0.7903668462864205,0.9539870871825705,0.5350521576748286,0,0,0,0,0,5,study_2_likert_results_bfi_to_minimarker_deepseek
STUDY_2,likert,deepseek_v3,Original,Conscientiousness,8,438,0.8933684870153288,0,4.2209874583097236,0.5276234322887154,0.717469964977212,0.9106065741355169,0.5877504430291762,0,0,0,0,0,5,study_2_likert_results_bfi_to_minimarker_deepseek
STUDY_2,likert,deepseek_v3,Original,Neuroticism,8,438,0.8922159700547323,0,3.9632076819029765,0.49540096023787206,0.6587903395944004,0.9925188755822069,0.28709720207509426,0,0,0,0,0,5,study_2_likert_results_bfi_to_minimarker_deepseek
STUDY_2,likert,deepseek_v3,Original,Openness,8,438,0.912762325555569,0,4.441329439133601,0.5551661798917001,0.7255263183595367,0.9951514282784305,0.4646038822637257,0,0,0,0,0,5,study_2_likert_results_bfi_to_minimarker_deepseek
